Status	Power_range_sensor_1	Power_range_sensor_2	Power_range_sensor_3 	Power_range_sensor_4	Pressure _sensor_1	Pressure _sensor_2	Pressure _sensor_3	Pressure _sensor_4	Vibration_sensor_1	Vibration_sensor_2	Vibration_sensor_3	Vibration_sensor_4
Normal	2.093555043	2.022641976	6.002677363	2.856401947	9.501442167	1.546301908	2.17346555	2.524176877	5.25997752	5.837257136	8.931336967	7.278083745
Normal	9.706578476	9.536684158	12.14356011	13.097169	45.42253443	7.36811866	10.1185755	12.07005257	25.16298329	27.85830997	42.54059128	34.55057862
Normal	2.962976128	2.880759222	6.703977312	4.02591612	13.60369606	2.211163941	3.080811518	3.614333196	7.53293688	8.352101313	12.76957477	10.39265213
Normal	11.26759109	11.07740116	13.4027176	15.19698739	52.78797586	8.561853249	11.74768081	14.02738694	29.2439957	32.37361741	49.43200183	40.14266814
Normal	2.717839232	2.638809491	6.506242871	3.696166729	12.44704849	2.023703322	2.824981544	3.306959083	6.892066523	7.643030525	11.68736764	9.514486603
Normal	6.080494829	5.957745289	9.218657187	8.219490867	28.31331542	4.595186893	6.334319022	7.523351245	15.68318011	17.36968081	26.53250087	21.56068721
